kmeans_cluster,num_visitors,total_events,unique_items_viewed,total_transactions,num_views,num_addtocarts,num_transactions,active_days,active_hours,session_duration_minutes,conversion_rate
0,17685,1.44529262086514,1.2527565733672603,0.00667232117613797,1.4122137404580153,0.026406559230986712,0.00667232117613797,1.0,1.0492507774950524,7.3897485449062295,0.004724691268802767
1,532,6.4868421052631575,4.043233082706767,0.07330827067669173,6.172932330827067,0.24060150375939848,0.07330827067669173,1.9586466165413534,2.736842105263158,900.3217757518796,0.011875742028335082
2,9,62.0,37.44444444444444,8.11111111111111,44.44444444444444,9.444444444444445,8.11111111111111,2.111111111111111,6.555555555555555,707.3267388888888,0.18249995893750923
3,2,215.5,145.5,4.5,202.0,9.0,4.5,2.5,11.5,1247.2315749999998,0.022277226619939274
